id;foo_name;address;mobile;foo_no
1;Qatari salmon Monitored;Baby Azerbaijanian;incubate;International architectures Kids
2;Frozen;THX Texas Steel;AI;Norway
3;Alley;Viaduct;Loan;functionalities Louisiana calculate
4;seize;Unbranded SAS;Handcrafted;Kazakhstan world-class
5;Lead Metal;View Island;Soap;Profit-focused
6;input;Dynamic Vista;incentivize web;transmit Investment
7;Granite white;calculating infomediaries;recontextualize array;capacitor monitor Account
8;Personal Buckinghamshire;Communications Mouse;Chips PNG;green innovate
9;calculate North copying;Salad Configuration Designer;Car panel;Identity Investment
10;Wooden;schemas Buckinghamshire up;workforce;Ergonomic Micronesia Thailand
